INSERT INTO smb.user (email, password, editor_scope, role_id) VALUES 
 ('administrator', public.crypt('xailabs$123', public.gen_salt('bf', 10)), 'INTRO|TOPICS|GUIDE|SYSTEM', 2)
;
INSERT INTO smb.user (email, password, editor_scope, role_id) VALUES
 ('admin-intro',  '$2a$10$z/2wgBIpi.a0Uts.1r/J8umrEw069gBngeNv6o8d5HIGdEoJANN46', 'INTRO',  3)
,('admin-topics', '$2a$10$yMSzaYDaM72N9vjTPqwnG.KLe6IX4OrqdtlXOB..aDf8PmWApQ7Ru', 'TOPICS', 3)
,('admin-guide',  '$2a$10$m.Bk3XY9OnbyNBhQuq40L.ortnMoDo7/GpXjKn2cUS.3B3Dk5CePa', 'GUIDE',  3)
,('admin',        '$2a$10$wqCSQAaLO4UZFHqxP226.u435k/DakQeXhb3CsMTSukOn7FdTluPu', 'INTRO|TOPICS|GUIDE|SYSTEM', 3)
;

INSERT INTO smb.objects (id) VALUES
( 138245), ( 144854), ( 185580), ( 188405), ( 192996), ( 194398), ( 207024), ( 209119), ( 455905), ( 457472), ( 461069), ( 464652), 
( 506882), ( 525524), ( 605994), ( 606182), ( 606189), ( 606325), ( 606402), ( 606555), ( 606563), ( 606569), ( 606590), ( 606592), 
( 606600), ( 606603), ( 606612), ( 606868), ( 606948), ( 607025), ( 607026), ( 607035), ( 607132), ( 607473), ( 610602), ( 676679), 
( 679150), ( 681084), ( 681513), ( 681547), ( 686435), ( 686542), ( 686551), ( 686562), ( 690892), ( 694165), ( 694167), ( 694201), 
( 694435), ( 697074), ( 698150), ( 698486), ( 698497), ( 698508), ( 698517), ( 698594), ( 698904), ( 699156), ( 704266), ( 725656), 
( 738996), ( 751219), ( 757102), ( 757316), ( 757710), ( 778401), ( 782360), ( 793415), ( 811307), ( 813339), ( 828031), ( 829869), 
( 829881), ( 830177), ( 831751), ( 835029), ( 844514), ( 850479), ( 857407), ( 858116), ( 862322), ( 862383), ( 862455), ( 862679), 
( 862779), ( 862806), ( 862977), ( 863076), ( 863088), ( 863431), ( 863623), ( 863675), ( 863713), ( 863888), ( 863921), ( 863959), 
( 863982), ( 864025), ( 864094), ( 864346), ( 864632), ( 864730), ( 864792), ( 864905), ( 865152), ( 865204), ( 865261), ( 865413), 
( 865492), ( 865524), ( 865646), ( 865684), ( 865766), ( 865772), ( 865773), ( 866140), ( 866193), ( 866204), ( 866482), ( 866984), 
( 867142), ( 867231), ( 867248), ( 867250), ( 867342), ( 867374), ( 867376), ( 867398), ( 867401), ( 867432), ( 867610), ( 867614), 
( 867777), ( 867928), ( 867954), ( 868114), ( 868225), ( 868435), ( 868686), ( 868771), ( 868879), ( 868906), ( 869002), ( 869003), 
( 869059), ( 869139), ( 869165), ( 869166), ( 869230), ( 869311), ( 869327), ( 869413), ( 869519), ( 869623), ( 869634), ( 869667), 
( 869931), ( 870118), ( 870136), ( 870208), ( 870224), ( 870320), ( 870347), ( 870381), ( 870405), ( 870407), ( 870570), ( 870634), 
( 870818), ( 870983), ( 871029), ( 871048), ( 871190), ( 871193), ( 871267), ( 871363), ( 871481), ( 871562), ( 871677), ( 871762), 
( 871908), ( 871959), ( 874077), ( 874100), ( 874489), ( 884881), ( 889083), ( 894605), ( 900173), ( 906135), ( 908502), ( 913233), 
( 913646), ( 918288), ( 926755), ( 931917), ( 933267), ( 935703), ( 936040), ( 940981), ( 942109), ( 944072), ( 959918), ( 960693), 
( 960810), ( 960902), ( 961043), ( 962308), ( 962626), ( 962789), ( 962983), ( 963023), ( 963040), ( 965168), ( 965359), ( 965511), 
( 965706), ( 966196), ( 966477), ( 967064), ( 967648), ( 967799), ( 975165), ( 978587), ( 982074), ( 984202), ( 984286), ( 985592), 
( 989316), ( 994042), (1005864), (1006271), (1025129), (1040072), (1049766), (1063193), (1142947), (1252808), (1352339), (1363213), 
(1363733), (1368117), (1368124), (1368422), (1368651), (1408418), (1408520), (1408856), (1408916), (1409065), (1409070), (1409074), 
(1409180), (1409201), (1415193), (1415200), (1418423), (1418747), (1418852), (1420479), (1420802), (1420804), (1420902), (1435195), 
(1437085), (1437104), (1438602), (1439580), (1440107), (1441302), (1449296), (1490124), (1490208), (1504348), (1517692), (1521009), 
(1521078), (1521083), (1523505), (1523508), (1525323), (1525337), (1525405), (1525417), (1525418), (1525436), (1525437), (1525443), 
(1525479), (1525541), (1525546), (1525547), (1527349), (1528427), (1534206), (1534216), (1534221), (1534234), (1534274), (1537951), 
(1542797), (1565799), (1567610), (1574741), (1576298), (1579428), (1590140), (1614671), (1619311), (1621794), (1621948), (1621989), 
(1623786), (1626963), (1626974), (1627217), (1627324), (1628989), (1632045), (1632111), (1632119), (1632133), (1632609), (1632618), 
(1632642), (1632643), (1632726), (1632749), (1632867), (1636060), (1636064), (1636077), (1636087), (1637229), (1660643), (1660649), 
(1681760), (1681792), (1682104), (1695675), (1742966), (1742985), (1743727), (1743795), (1743992), (1744057), (1744059), (1744120), 
(1744123), (1744130), (1744134), (1744143), (1744146), (1744361), (1744371), (1744437), (1744641), (1747092), (1747145), (1747439), 
(1747440), (1747812), (1747817), (1747825), (1747832), (1751133), (1751135), (1751137), (1751143), (1751154), (1751749), (1751758), 
(1751989), (1752026), (1752036), (1752045), (1752052), (1752114), (1752124), (1752137), (1752149), (1795389), (1795934), (1795942), 
(1888239), (1964342), (2353196), (2353516), (2353674), (2353762), (2354996), (2355141), (2355531), (2355640), (2355827), (2356232), 
(2356751), (2356969), (2357632), (2357993), (2358797), (2359519), (2360214), (2361273), (2361873), (2363054), (2365169), (2370561), 
(2373351), (2374633), (2440904);

INSERT INTO smb.org_unit (name) VALUES
('MVFMusBEuropa'),
('KKAlleSammlungen'),
('KBAlleSammlungen'),
('EMAmArchaologie'),
('MSBNichtdefiniert'),
('SKSSkulpturen'),
('ANTAlleSammlungen'),
('KGMWestberlinerInventarbucherab1980'),
('ZAFotosammlung2'),
('MIMAllgemein2'),
('MEKAllgemein'),
('AKuAlleSammlungen'),
('ISLAlleSammlungen'),
('IFMSammlung'),
('NGAlleSammlungen'),
('VAMAlleSammlungen'),
('AMPAgyptischesMuseum'),
('GGMalerei'),
('MKAlleSammlungen');

INSERT INTO smb.highlights (org_unit_id, object_id) VALUES
(1, 138245),
(1, 144854),
(1, 185580),
(1, 188405),
(1, 192996),
(1, 194398),
(1, 207024),
(1, 209119),
(1, 455905),
(1, 457472),
(1, 461069),
(1, 464652),
(1, 506882),
(1, 525524),
(1, 605994),
(1, 606182),
(1, 606189),
(1, 606325),
(1, 606402),
(2, 606555),
(2, 606563),
(2, 606569),
(2, 606590),
(2, 606592),
(2, 606600),
(2, 606603),
(2, 606612),
(2, 606868),
(2, 606948),
(3, 607025),
(3, 607026),
(3, 607035),
(3, 607132),
(3, 607473),
(3, 610602),
(3, 676679),
(3, 679150),
(3, 681084),
(3, 681513),
(4, 681547),
(4, 686435),
(4, 686542),
(4, 686551),
(4, 686562),
(4, 690892),
(4, 694165),
(4, 694167),
(4, 694201),
(4, 694435),
(4, 697074),
(5, 698150),
(6, 698486),
(7, 698497),
(8, 698508),
(9, 698517),
(10, 698594),
(11, 698904),
(12, 699156);